special case TEST_GIL2409100@PROJECTSTEPWELLS.COM 147
special case PAUL.MOYNAGH@FEWZION.COM 229
special case PAUL.MOYNAGH@FEWZION.COM 229
special case PAUL.MOYNAGH@FEWZION.COM 232
special case PAUL.MOYNAGH@FEWZION.COM 232
special case PAUL.MOYNAGH@FEWZION.COM 256
special case PAUL.MOYNAGH@FEWZION.COM 256
special case PAUL.MOYNAGH@FEWZION.COM 258
special case PAUL.MOYNAGH@FEWZION.COM 258
special case PAUL.MOYNAGH@FEWZION.COM 262
special case PAUL.MOYNAGH@FEWZION.COM 262
special case PAUL.MOYNAGH@FEWZION.COM 279
special case PAUL.MOYNAGH@FEWZION.COM 279
special case PAUL.MOYNAGH@FEWZION.COM 283
special case PAUL.MOYNAGH@FEWZION.COM 283
special case PAUL.MOYNAGH@FEWZION.COM 324
special case PAUL.MOYNAGH@FEWZION.COM 324
special case SBISHOP@METIIX.COM 418
special case COURTNEY.AVERY@ORACLE.COM 146
special case DAVE.KNOX@ORACLE.COM 205
special case DAVE.KNOX@ORACLE.COM 205
special case TEST_RON5542@PROJECTSTEPWELLS.COM 146
special case TEST_RON5542@PROJECTSTEPWELLS.COM 147
special case TEST_RON5542@PROJECTSTEPWELLS.COM 149
special case TEST_RON5542@PROJECTSTEPWELLS.COM 151
special case TEST_RON5542@PROJECTSTEPWELLS.COM 152
special case TEST10042015@PROJECTSTEPWELLS.COM 146
special case TEST10042015@PROJECTSTEPWELLS.COM 147
special case TEST10042015@PROJECTSTEPWELLS.COM 148
special case STEVE.AMOAPIM@ORACLE.COM 218
special case STEVE.AMOAPIM@ORACLE.COM 223
special case STEVE.AMOAPIM@ORACLE.COM 236
special case TEST10092015@PROJECTSTEPWELLS.COM 146
special case TEST10092015@PROJECTSTEPWELLS.COM 147
special case TEST10092015@PROJECTSTEPWELLS.COM 148
special case BIRST@COLABO.COM 316
special case BIRST@COLABO.COM 319
special case BIRST@COLABO.COM 320
special case BIRST@COLABO.COM 321
special case BIRST@COLABO.COM 322
special case BIRST@COLABO.COM 323
special case BIRST@COLABO.COM 324
special case BIRST@COLABO.COM 325
special case BIRST@COLABO.COM 333
special case BIRST@COLABO.COM 335
special case BIRST@COLABO.COM 336
special case BIRST@COLABO.COM 336
special case BIRST@COLABO.COM 307
special case BIRST@COLABO.COM 348
special case BIRST@COLABO.COM 350
special case TEST_AMBIKA107@PROJECTSTEPWELLS.COM 146
special case TEST_AMBIKA107@PROJECTSTEPWELLS.COM 147
special case TEST_AMBIKA107@PROJECTSTEPWELLS.COM 148
special case TEST_AMBIKA107@PROJECTSTEPWELLS.COM 149
special case TEST_AMBIKA107@PROJECTSTEPWELLS.COM 150
special case TEST_AMBIKA107@PROJECTSTEPWELLS.COM 151
special case TEST_AMBIKA107@PROJECTSTEPWELLS.COM 152
special case TEST_AMBIKA107@PROJECTSTEPWELLS.COM 153
special case TEST_AMBIKA107@PROJECTSTEPWELLS.COM 154
special case TEST_AMBIKA107@PROJECTSTEPWELLS.COM 155
special case TEST_AMBIKA107@PROJECTSTEPWELLS.COM 156
special case TEST_AMBIKA107@PROJECTSTEPWELLS.COM 157
special case TEST_AMBIKA107@PROJECTSTEPWELLS.COM 158
special case TEST_AMBIKA107@PROJECTSTEPWELLS.COM 159
special case TEST_AMBIKA107@PROJECTSTEPWELLS.COM 160
special case TEST_AMBIKA107@PROJECTSTEPWELLS.COM 161
special case TEST_AMBIKA107@PROJECTSTEPWELLS.COM 162
special case TEST_AMBIKA107@PROJECTSTEPWELLS.COM 163
special case TEST_AMBIKA107@PROJECTSTEPWELLS.COM 164
special case TEST_AMBIKA107@PROJECTSTEPWELLS.COM 165
special case CHESTER.PEPPER@ORACLE.COM 146
special case BRAD.OSTERHOUT@ACTONSOFTWARE.COM 162
changed Jody Asquith's email from null to jody.asquith@energetics.com.au on user PAUL.MOYNAGH@FEWZION.COM
changed Brad Kebblewhite's email from null to bradk@alfabs.com.au on user PAUL.MOYNAGH@FEWZION.COM
changed Drew Snyder's email from null to drew@armstrongsteel.com on user SBISHOP@METIIX.COM
changed Jon Cooper's email from null to jon@colchiscapital.com on user SBISHOP@METIIX.COM
changed Eric Haftel's email from null to ehaftel@lincolnedu.com on user COURTNEY.AVERY@ORACLE.COM
changed Judy Docter's email from null to judy.docter@associatedbank.com on user CONNOR.MOORE@ORACLE.COM
changed Lydia Lindenberg's email from null to llindenberg@addus.com on user STEVE.AMOAPIM@ORACLE.COM
changed Asaf Wexler's email from null to asaf.wexler@gmail.com on user BIRST@COLABO.COM
changed Asaf Wexler's email from null to asaf.wexler@gmail.com on user BIRST@COLABO.COM
changed Nancy Hall's email from null to nancy.hall@bain.com on user JAMES.WELCH@ORACLE.COM
changed James Michelson's email from null to james@jfmconcepts.com on user CHRIS.PORTER@ACTONSOFTWARE.COM
changed Mitch Bishop's email from null to mbishop@cloudpassage.com on user CHRIS.PORTER@ACTONSOFTWARE.COM
changed Miko Matsumura's email from null to miko.matsumura@gradleware.com on user CHRIS.PORTER@ACTONSOFTWARE.COM
changed Chad Bockius's email from null to chad@vast.com on user CHRIS.PORTER@ACTONSOFTWARE.COM
changed Marc Ferrentino's email from null to marc.ferrentino@nomi.com on user CHRIS.PORTER@ACTONSOFTWARE.COM
changed Rip Gerber's email from null to rip@vlocity.com on user CHRIS.PORTER@ACTONSOFTWARE.COM
changed Wynn White's email from null to wynn.white@druva.com on user CHRIS.PORTER@ACTONSOFTWARE.COM
changed Tracy Hansen's email from null to tracy.hansen@tealium.com on user CHRIS.PORTER@ACTONSOFTWARE.COM
changed Lisa Farrell's email from null to lisa.farrell@6connex.com on user CHRIS.PORTER@ACTONSOFTWARE.COM
changed Rares Saftoiu's email from null to rares.saftoiu@shopventory.com on user CHRIS.PORTER@ACTONSOFTWARE.COM
changed Bobby Tarantino's email from null to bobby.tarantino@thecoolconnect.com on user CHRIS.PORTER@ACTONSOFTWARE.COM
changed Tiana Laurence's email from null to tiana@factom.org on user CHRIS.PORTER@ACTONSOFTWARE.COM
changed Rafael Lima's email from null to rafael@solidface.com on user CHRIS.PORTER@ACTONSOFTWARE.COM
changed Robert Budnik's email from null to robert.budnik@livetext.com on user CHRIS.PORTER@ACTONSOFTWARE.COM
changed Magda Walczak's email from null to magda@thesearchparty.com on user CHRIS.PORTER@ACTONSOFTWARE.COM
changed Cam Balzer's email from null to cam@thinkcerca.com on user CHRIS.PORTER@ACTONSOFTWARE.COM
changed Marc Ladin's email from null to marc@tigertext.com on user CHRIS.PORTER@ACTONSOFTWARE.COM
changed Matt Gibbs's email from null to matt@teamsparkreel.com on user CHRIS.PORTER@ACTONSOFTWARE.COM
changed Graham M. Smith's email from null to gsmith@thesearchengineguys.com on user CHRIS.PORTER@ACTONSOFTWARE.COM
changed Will Wiegler's email from null to wwiegler@steelbrick.com on user CHRIS.PORTER@ACTONSOFTWARE.COM
special case PAUL.MOYNAGH@FEWZION.COM 281212
special case PAUL.MOYNAGH@FEWZION.COM 379
special case PAUL.MOYNAGH@FEWZION.COM 82476
special case PAUL.MOYNAGH@FEWZION.COM 579279
special case PAUL.MOYNAGH@FEWZION.COM 2343
special case PAUL.MOYNAGH@FEWZION.COM 5204
special case PAUL.MOYNAGH@FEWZION.COM 212738
special case PAUL.MOYNAGH@FEWZION.COM 19767
special case PAUL.MOYNAGH@FEWZION.COM 3478434
special case SBISHOP@METIIX.COM 1052
special case SBISHOP@METIIX.COM 531
special case SBISHOP@METIIX.COM 10856
special case SBISHOP@METIIX.COM 536
special case SBISHOP@METIIX.COM 700793
special case SBISHOP@METIIX.COM 535
special case SBISHOP@METIIX.COM 437915
special case SBISHOP@METIIX.COM 177
special case SBISHOP@METIIX.COM 542
special case SBISHOP@METIIX.COM 1268080
special case SBISHOP@METIIX.COM 110
special case SBISHOP@METIIX.COM 546
special case SBISHOP@METIIX.COM 207897
special case SBISHOP@METIIX.COM 544
special case SBISHOP@METIIX.COM 509
special case SBISHOP@METIIX.COM 2251628
special case SBISHOP@METIIX.COM 246
special case SBISHOP@METIIX.COM 548
special case SBISHOP@METIIX.COM 510
special case SBISHOP@METIIX.COM 9090
special case SBISHOP@METIIX.COM 147
special case SBISHOP@METIIX.COM 550
special case SBISHOP@METIIX.COM 982618
special case SBISHOP@METIIX.COM 538
special case SBISHOP@METIIX.COM 511
special case SBISHOP@METIIX.COM 1694
special case SBISHOP@METIIX.COM 552
special case SBISHOP@METIIX.COM 512
special case SBISHOP@METIIX.COM 49978
special case SBISHOP@METIIX.COM 127
special case SBISHOP@METIIX.COM 554
special case SBISHOP@METIIX.COM 514
special case SBISHOP@METIIX.COM 78429
special case SBISHOP@METIIX.COM 192
special case SBISHOP@METIIX.COM 558
special case SBISHOP@METIIX.COM 516
special case SBISHOP@METIIX.COM 491152
special case SBISHOP@METIIX.COM 562
special case SBISHOP@METIIX.COM 518
special case SBISHOP@METIIX.COM 41235
special case SBISHOP@METIIX.COM 566
special case SBISHOP@METIIX.COM 521
special case SBISHOP@METIIX.COM 1177795
special case SBISHOP@METIIX.COM 164
special case SBISHOP@METIIX.COM 573
special case SBISHOP@METIIX.COM 522
special case SBISHOP@METIIX.COM 517332
special case SBISHOP@METIIX.COM 579
special case SBISHOP@METIIX.COM 523
special case SBISHOP@METIIX.COM 878206
special case SBISHOP@METIIX.COM 581
special case SBISHOP@METIIX.COM 524
special case SBISHOP@METIIX.COM 1150003
special case SBISHOP@METIIX.COM 173
special case SBISHOP@METIIX.COM 583
special case SBISHOP@METIIX.COM 525
special case SBISHOP@METIIX.COM 54420
special case SBISHOP@METIIX.COM 113
special case SBISHOP@METIIX.COM 585
special case SBISHOP@METIIX.COM 526
special case SBISHOP@METIIX.COM 3154616
special case SBISHOP@METIIX.COM 587
special case SBISHOP@METIIX.COM 527
special case SBISHOP@METIIX.COM 396561
special case SBISHOP@METIIX.COM 589
special case SBISHOP@METIIX.COM 528
special case SBISHOP@METIIX.COM 265611
special case SBISHOP@METIIX.COM 234
special case SBISHOP@METIIX.COM 591
special case SBISHOP@METIIX.COM 529
special case SBISHOP@METIIX.COM 8646
special case SBISHOP@METIIX.COM 593
special case SBISHOP@METIIX.COM 534
special case SBISHOP@METIIX.COM 302070
special case SBISHOP@METIIX.COM 603
special case SBISHOP@METIIX.COM 535
special case SBISHOP@METIIX.COM 164923
special case SBISHOP@METIIX.COM 158
special case SBISHOP@METIIX.COM 605
special case SBISHOP@METIIX.COM 538
special case SBISHOP@METIIX.COM 1603
special case SBISHOP@METIIX.COM 613
special case SBISHOP@METIIX.COM 539
special case SBISHOP@METIIX.COM 222662
special case SBISHOP@METIIX.COM 615
special case SBISHOP@METIIX.COM 541
special case SBISHOP@METIIX.COM 567437
special case SBISHOP@METIIX.COM 619
special case SBISHOP@METIIX.COM 542
special case SBISHOP@METIIX.COM 68353
special case SBISHOP@METIIX.COM 621
special case SBISHOP@METIIX.COM 543
special case SBISHOP@METIIX.COM 3155979
special case SBISHOP@METIIX.COM 623
special case SBISHOP@METIIX.COM 544
special case SBISHOP@METIIX.COM 21158
special case SBISHOP@METIIX.COM 625
special case SBISHOP@METIIX.COM 545
special case SBISHOP@METIIX.COM 3532484
special case SBISHOP@METIIX.COM 627
special case SBISHOP@METIIX.COM 548
special case SBISHOP@METIIX.COM 505708
special case SBISHOP@METIIX.COM 635
special case SBISHOP@METIIX.COM 551
special case SBISHOP@METIIX.COM 1412
special case SBISHOP@METIIX.COM 641
special case SBISHOP@METIIX.COM 552
special case SBISHOP@METIIX.COM 3019
special case SBISHOP@METIIX.COM 643
special case SBISHOP@METIIX.COM 553
special case SBISHOP@METIIX.COM 294810
special case SBISHOP@METIIX.COM 122
special case SBISHOP@METIIX.COM 645
special case COURTNEY.AVERY@ORACLE.COM 18190
special case COURTNEY.AVERY@ORACLE.COM 300009744479823
special case DAVE.KNOX@ORACLE.COM 1028
special case CONNOR.MOORE@ORACLE.COM 8667
special case CONNOR.MOORE@ORACLE.COM 300009859020928
special case CONNOR.MOORE@ORACLE.COM 8667
special case CONNOR.MOORE@ORACLE.COM 300009859076729
special case CONNOR.MOORE@ORACLE.COM 465
special case NOFAR@COLABO.COM 2703627
special case NOFAR@COLABO.COM 180
special case NOFAR@COLABO.COM 2703627
special case NOFAR@COLABO.COM 2703627
special case NOFAR@COLABO.COM 158
special case NOFAR@COLABO.COM 2703627
special case STEVE.AMOAPIM@ORACLE.COM 77989
special case STEVE.AMOAPIM@ORACLE.COM 300009861182756
special case STEVE.AMOAPIM@ORACLE.COM 240039
special case STEVE.AMOAPIM@ORACLE.COM 430
special case STEVE.AMOAPIM@ORACLE.COM 3304
special case STEVE.AMOAPIM@ORACLE.COM 300009916563575
special case STEVE.AMOAPIM@ORACLE.COM 3304
special case STEVE.AMOAPIM@ORACLE.COM 300009916549086
special case STEVE.AMOAPIM@ORACLE.COM 2717346
special case STEVE.AMOAPIM@ORACLE.COM 300009923348029
special case STEVE.AMOAPIM@ORACLE.COM 240039
special case STEVE.AMOAPIM@ORACLE.COM 240039
special case STEVE.AMOAPIM@ORACLE.COM 300009971551981
special case STEVE.AMOAPIM@ORACLE.COM 240039
special case STEVE.AMOAPIM@ORACLE.COM 395
special case STEVE.AMOAPIM@ORACLE.COM 240039
special case STEVE.AMOAPIM@ORACLE.COM 16753
special case STEVE.AMOAPIM@ORACLE.COM 273
special case STEVE.AMOAPIM@ORACLE.COM 163020
special case STEVE.AMOAPIM@ORACLE.COM 300010020105180
special case STEVE.AMOAPIM@ORACLE.COM 163020
special case STEVE.AMOAPIM@ORACLE.COM 300010020114720
special case STEVE.AMOAPIM@ORACLE.COM 273
special case STEVE.AMOAPIM@ORACLE.COM 163020
special case STEVE.AMOAPIM@ORACLE.COM 300010020524284
special case STEVE.AMOAPIM@ORACLE.COM 163020
special case STEVE.AMOAPIM@ORACLE.COM 300010020548641
special case STEVE.AMOAPIM@ORACLE.COM 163020
special case STEVE.AMOAPIM@ORACLE.COM 300010020525294
special case STEVE.AMOAPIM@ORACLE.COM 163020
special case STEVE.AMOAPIM@ORACLE.COM 300010020513424
special case STEVE.AMOAPIM@ORACLE.COM 163020
special case STEVE.AMOAPIM@ORACLE.COM 300010020525212
special case STEVE.AMOAPIM@ORACLE.COM 364
special case TED@THEHUNLEYGROUP.COM 2260160
special case SHIMMELSPACH@OTTERBASE.COM 205750
special case SHIMMELSPACH@OTTERBASE.COM 75570
special case SHIMMELSPACH@OTTERBASE.COM 8935
special case SHIMMELSPACH@OTTERBASE.COM 259
special case SHIMMELSPACH@OTTERBASE.COM 164178
special case SHIMMELSPACH@OTTERBASE.COM 162
special case SHIMMELSPACH@OTTERBASE.COM 608239
special case SHIMMELSPACH@OTTERBASE.COM 44591
special case SHIMMELSPACH@OTTERBASE.COM 167
special case SHIMMELSPACH@OTTERBASE.COM 584003
special case SHIMMELSPACH@OTTERBASE.COM 361
special case JEFF.PALMER@DAISYGROUP.COM 463202
special case JEFF.PALMER@DAISYGROUP.COM 3178
special case JEFF.PALMER@DAISYGROUP.COM 11563
special case JEFF.PALMER@DAISYGROUP.COM 257
special case BIRST@COLABO.COM 2703627
special case BIRST@COLABO.COM 336
special case BIRST@COLABO.COM 2696
special case BIRST@COLABO.COM 375185
special case BIRST@COLABO.COM 375185
special case BIRST@COLABO.COM 348
special case BIRST@COLABO.COM 375185
special case BIRST@COLABO.COM 350
special case MARINA.LIANG@ORACLE.COM 4326
special case MARINA.LIANG@ORACLE.COM 300009808996352
special case MARINA.LIANG@ORACLE.COM 162238
special case MARINA.LIANG@ORACLE.COM 300009808991338
special case MARINA.LIANG@ORACLE.COM 2120
special case MARINA.LIANG@ORACLE.COM 300009808977500
special case JAMES.WELCH@ORACLE.COM 11785
special case JAMES.WELCH@ORACLE.COM 300009609777035
special case JAMES.WELCH@ORACLE.COM 2114
special case JAMES.WELCH@ORACLE.COM 300009609835917
special case CHESTER.PEPPER@ORACLE.COM 146
special case BRAD.OSTERHOUT@ACTONSOFTWARE.COM 1941834
special case BRAD.OSTERHOUT@ACTONSOFTWARE.COM 162
special case BRAD.OSTERHOUT@ACTONSOFTWARE.COM 375185
special case BRAD.OSTERHOUT@ACTONSOFTWARE.COM 160
special case BRAD.OSTERHOUT@ACTONSOFTWARE.COM 284800
special case BRAD.OSTERHOUT@ACTONSOFTWARE.COM 167
special case BRAD.OSTERHOUT@ACTONSOFTWARE.COM 384615
special case BRAD.OSTERHOUT@ACTONSOFTWARE.COM 169
special case BRAD.OSTERHOUT@ACTONSOFTWARE.COM 2703627
special case BRAD.OSTERHOUT@ACTONSOFTWARE.COM 375185
special case BRAD.OSTERHOUT@ACTONSOFTWARE.COM 3175208
special case BRAD.OSTERHOUT@ACTONSOFTWARE.COM 1043
special case BRAD.OSTERHOUT@ACTONSOFTWARE.COM 274
special case BRAD.OSTERHOUT@ACTONSOFTWARE.COM 2320306
special case BRAD.OSTERHOUT@ACTONSOFTWARE.COM 1095542
special case BRAD.OSTERHOUT@ACTONSOFTWARE.COM 250
special case BRAD.OSTERHOUT@ACTONSOFTWARE.COM 6229
