special case ALICE.AC.CHEN@ORACLE.COM 146
special case ALICE.AC.CHEN@ORACLE.COM 146
special case MARK.NORWICH@ORACLE.COM 148
changed Hugo Villarreal's email from null to hugo.villarreal@rockwellcollins.com on user MIRANDA.NGHIEM@ORACLE.COM
changed John Haudrich's email from null to john.haudrich@o-i.com on user AARON.SYMICEK@ORACLE.COM
changed Michael Dauberman's email from null to michael@dauberman.com on user AARON.SYMICEK@ORACLE.COM
changed Jennifer Zerwer's email from null to jennifer.zerwer@truevalue.com on user AARON.SYMICEK@ORACLE.COM
changed Michael McCann's email from null to michael.mccann@truevalue.com on user AARON.SYMICEK@ORACLE.COM
changed Paula Lowry's email from null to paula.lowry@live.com on user AARON.SYMICEK@ORACLE.COM
changed Natalie Balbul's email from null to natalie@colabo.com on user TEST_AKCHR1015@PROJECTSTEPWELLS.COM
changed Sameer Brij Verma's email from null to sameer@nexusvp.com on user TEST_AKCHR1015@PROJECTSTEPWELLS.COM
changed SriLakshmi Ganta's email from null to ganta@google.com on user TEST_AKCHR1015@PROJECTSTEPWELLS.COM
changed Punit Soni's email from null to punit@flipkart.com on user TEST_AKCHR1015@PROJECTSTEPWELLS.COM
changed Shani Band's email from null to shani@colabo.com on user TEST_AMBIKA1014@PROJECTSTEPWELLS.COM
changed Yoav Dembak's email from null to yoav@colabo.com on user TEST_AMBIKA1014@PROJECTSTEPWELLS.COM
changed Natalie Balbul's email from null to natalie@colabo.com on user TEST_AMBIKA1014@PROJECTSTEPWELLS.COM
changed Amjad Taha's email from null to amjad@colabo.com on user TEST_AMBFF01015@PROJECTSTEPWELLS.COM
changed Natalie Balbul's email from null to natalie@colabo.com on user TEST_AMBFF01015@PROJECTSTEPWELLS.COM
changed Yoav Dembak's email from null to yoav@colabo.com on user TEST_AMBFF01015@PROJECTSTEPWELLS.COM
changed Shani Band's email from null to shani@colabo.com on user TEST_AMBFF01015@PROJECTSTEPWELLS.COM
changed Sergey Gershkovich's email from null to sergey@easytobook.com on user TEST_AMBFF01015@PROJECTSTEPWELLS.COM
changed Catricia Mills's email from null to catricia.mills@everi.com on user MATT.HOLDER@ORACLE.COM
changed Kelly Kraus's email from null to kelly.kraus@everi.com on user MATT.HOLDER@ORACLE.COM
changed Rob Eves's email from null to rob.eves@payless.com on user MARK.NORWICH@ORACLE.COM
changed David Popkin's email from null to david.popkin@gmail.com on user MARK.NORWICH@ORACLE.COM
changed Morgan Bellouguet's email from null to mbellouguet@blizzard.com on user LAUREN.WALSON@ORACLE.COM
changed Gregory Taylor's email from null to tgregory@blizzard.com on user LAUREN.WALSON@ORACLE.COM
changed Gregory Taylor's email from null to tgregory@blizzard.com on user LAUREN.WALSON@ORACLE.COM
changed Ben Wurst's email from null to bwurst@blizzard.com on user LAUREN.WALSON@ORACLE.COM
changed Simon Dircks's email from null to sdircks@blizzard.com on user LAUREN.WALSON@ORACLE.COM
changed Chris Clark's email from null to cclark@blizzard.com on user LAUREN.WALSON@ORACLE.COM
changed Neal Hubbard's email from null to nhubbard@blizzard.com on user LAUREN.WALSON@ORACLE.COM
changed Michael Medrano's email from null to mmedrano@blizzard.com on user LAUREN.WALSON@ORACLE.COM
changed Saralyn Smith's email from null to ssmith@blizzard.com on user LAUREN.WALSON@ORACLE.COM
changed Hector Bolanos's email from null to hbolanos@blizzard.com on user LAUREN.WALSON@ORACLE.COM
changed Isaac Matarasso's email from null to isaac.matarasso@blizzard.com on user LAUREN.WALSON@ORACLE.COM
changed Christine Kenney's email from null to ckenney@blizzard.com on user LAUREN.WALSON@ORACLE.COM
changed Tony Johnson's email from null to jjohnson@blizzard.com on user LAUREN.WALSON@ORACLE.COM
changed Brian Chu's email from null to cchu@blizzard.com on user LAUREN.WALSON@ORACLE.COM
changed Chris Bartzatt's email from null to cbartzatt@blizzard.com on user LAUREN.WALSON@ORACLE.COM
changed Michael Lawrence's email from null to mlawrence@blizzard.com on user LAUREN.WALSON@ORACLE.COM
changed Nochul Park's email from null to nochul.park@blizzard.com on user LAUREN.WALSON@ORACLE.COM
changed Riccardo Pittau's email from null to rpittau@blizzard.com on user LAUREN.WALSON@ORACLE.COM
changed Riccardo Pittau's email from null to rpittau@blizzard.com on user LAUREN.WALSON@ORACLE.COM
changed Matt Coburn's email from null to mcoburn@blizzard.com on user LAUREN.WALSON@ORACLE.COM
changed Lyndsi Achucarro's email from null to aachucarro@blizzard.com on user LAUREN.WALSON@ORACLE.COM
changed Marcus Bishop's email from null to mbishop@blizzard.com on user LAUREN.WALSON@ORACLE.COM
changed Keith Rhee's email from null to krhee@blizzard.com on user LAUREN.WALSON@ORACLE.COM
changed Santiago Baranda's email from null to sbaranda@blizzard.com on user LAUREN.WALSON@ORACLE.COM
changed Marc Dion's email from null to mdion@blizzard.com on user LAUREN.WALSON@ORACLE.COM
changed Jonathan Bankard's email from null to jbankard@blizzard.com on user LAUREN.WALSON@ORACLE.COM
changed Jonathan Brown's email from null to bbrown@blizzard.com on user LAUREN.WALSON@ORACLE.COM
changed James Ridgers's email from null to jridgers@blizzard.com on user LAUREN.WALSON@ORACLE.COM
changed Jason Stilwell's email from null to jason.stilwell@blizzard.com on user LAUREN.WALSON@ORACLE.COM
changed Al Giazzon's email from null to al.giazzon@viewsonic.com on user LAUREN.WALSON@ORACLE.COM
changed Sarah Kearns's email from null to sarah.kearns@viewsonic.com on user LAUREN.WALSON@ORACLE.COM
changed Marcie Moncrief's email from null to marcie.moncrief@viewsonic.com on user LAUREN.WALSON@ORACLE.COM
changed Jeff Shapiro's email from null to jeff.shapiro@viewsonic.com on user LAUREN.WALSON@ORACLE.COM
changed Chris Shelby's email from null to chris.shelby@viewsonic.com on user LAUREN.WALSON@ORACLE.COM
changed Russell Fearon's email from null to russell.fearon@viewsonic.com on user LAUREN.WALSON@ORACLE.COM
changed Cheryl Badley's email from null to cheryl.badley@viewsonic.com on user LAUREN.WALSON@ORACLE.COM
changed Aaron Campbell's email from null to aaron.campbell@viewsonic.com on user LAUREN.WALSON@ORACLE.COM
changed Sally Wang's email from null to sally.wang@viewsonic.com on user LAUREN.WALSON@ORACLE.COM
changed Jasmine Geider's email from null to jasmine.geider@viewsonic.com on user LAUREN.WALSON@ORACLE.COM
changed Harold Hughes's email from null to harold.hughes@viewsonic.com on user LAUREN.WALSON@ORACLE.COM
changed Kim Phipps's email from null to kim.phipps@acer.com on user LAUREN.WALSON@ORACLE.COM
special case MIRANDA.NGHIEM@ORACLE.COM 3959
special case MIRANDA.NGHIEM@ORACLE.COM 300009956893464
special case MIRANDA.NGHIEM@ORACLE.COM 3493
special case MIRANDA.NGHIEM@ORACLE.COM 300010021681774
special case AARON.SYMICEK@ORACLE.COM 8275
special case AARON.SYMICEK@ORACLE.COM 3915
special case AARON.SYMICEK@ORACLE.COM 300009862399453
special case AARON.SYMICEK@ORACLE.COM 10449
special case AARON.SYMICEK@ORACLE.COM 300009868769987
special case AARON.SYMICEK@ORACLE.COM 10449
special case AARON.SYMICEK@ORACLE.COM 300009869129582
special case AARON.SYMICEK@ORACLE.COM 417
special case AARON.SYMICEK@ORACLE.COM 8275
special case AARON.SYMICEK@ORACLE.COM 300010020472091
special case AARON.SYMICEK@ORACLE.COM 9847
special case AARON.SYMICEK@ORACLE.COM 300009925219396
special case AARON.SYMICEK@ORACLE.COM 9847
special case AARON.SYMICEK@ORACLE.COM 300009925294825
special case AARON.SYMICEK@ORACLE.COM 9847
special case AARON.SYMICEK@ORACLE.COM 300009925305079
special case AARON.SYMICEK@ORACLE.COM 9847
special case AARON.SYMICEK@ORACLE.COM 300009925305545
special case AARON.SYMICEK@ORACLE.COM 9847
special case AARON.SYMICEK@ORACLE.COM 300009925326462
special case LARRY.ULSH@SNMC.COM 955042
special case LARRY.ULSH@SNMC.COM 2180385
special case LARRY.ULSH@SNMC.COM 52771
special case LARRY.ULSH@SNMC.COM 494
special case LARRY.ULSH@SNMC.COM 1327038
special case LARRY.ULSH@SNMC.COM 3524944
special case LARRY.ULSH@SNMC.COM 95795
special case LARRY.ULSH@SNMC.COM 1814636
special case LARRY.ULSH@SNMC.COM 2831948
special case LARRY.ULSH@SNMC.COM 437
special case MATT.HOLDER@ORACLE.COM 10673
special case MATT.HOLDER@ORACLE.COM 471
special case MATT.HOLDER@ORACLE.COM 10673
special case MATT.HOLDER@ORACLE.COM 140287
special case MATT.HOLDER@ORACLE.COM 300009677891949
special case MATT.HOLDER@ORACLE.COM 688717
special case MATT.HOLDER@ORACLE.COM 168
special case MARK.NORWICH@ORACLE.COM 165415
special case MARK.NORWICH@ORACLE.COM 300009665735872
special case MARK.NORWICH@ORACLE.COM 2703627
special case MARK.NORWICH@ORACLE.COM 148
special case LAUREN.WALSON@ORACLE.COM 5329
special case LAUREN.WALSON@ORACLE.COM 300009859528980
special case LAUREN.WALSON@ORACLE.COM 5329
special case LAUREN.WALSON@ORACLE.COM 300009859521054
special case LAUREN.WALSON@ORACLE.COM 409
special case LAUREN.WALSON@ORACLE.COM 5329
special case LAUREN.WALSON@ORACLE.COM 300009859529839
special case LAUREN.WALSON@ORACLE.COM 362
special case LAUREN.WALSON@ORACLE.COM 5329
special case LAUREN.WALSON@ORACLE.COM 300009859529947
special case LAUREN.WALSON@ORACLE.COM 5329
special case LAUREN.WALSON@ORACLE.COM 300009859544499
special case LAUREN.WALSON@ORACLE.COM 5329
special case LAUREN.WALSON@ORACLE.COM 300009859524737
special case LAUREN.WALSON@ORACLE.COM 412
special case LAUREN.WALSON@ORACLE.COM 5329
special case LAUREN.WALSON@ORACLE.COM 300009859530666
special case LAUREN.WALSON@ORACLE.COM 5329
special case LAUREN.WALSON@ORACLE.COM 300009859528923
special case LAUREN.WALSON@ORACLE.COM 5329
special case LAUREN.WALSON@ORACLE.COM 300009861000030
special case LAUREN.WALSON@ORACLE.COM 339
special case LAUREN.WALSON@ORACLE.COM 5329
special case LAUREN.WALSON@ORACLE.COM 300009859521305
special case LAUREN.WALSON@ORACLE.COM 5329
special case LAUREN.WALSON@ORACLE.COM 300009861022918
special case LAUREN.WALSON@ORACLE.COM 5329
special case LAUREN.WALSON@ORACLE.COM 300009861046847
special case LAUREN.WALSON@ORACLE.COM 5329
special case LAUREN.WALSON@ORACLE.COM 300009861032316
special case LAUREN.WALSON@ORACLE.COM 5329
special case LAUREN.WALSON@ORACLE.COM 300009861066789
special case LAUREN.WALSON@ORACLE.COM 5329
special case LAUREN.WALSON@ORACLE.COM 300009861079958
special case LAUREN.WALSON@ORACLE.COM 5329
special case LAUREN.WALSON@ORACLE.COM 300009861093649
special case LAUREN.WALSON@ORACLE.COM 5329
special case LAUREN.WALSON@ORACLE.COM 300009861106731
special case LAUREN.WALSON@ORACLE.COM 346
special case LAUREN.WALSON@ORACLE.COM 5329
special case LAUREN.WALSON@ORACLE.COM 300009861142563
special case LAUREN.WALSON@ORACLE.COM 5329
special case LAUREN.WALSON@ORACLE.COM 300009923424211
special case LAUREN.WALSON@ORACLE.COM 5329
special case LAUREN.WALSON@ORACLE.COM 300009923430820
special case LAUREN.WALSON@ORACLE.COM 5329
special case LAUREN.WALSON@ORACLE.COM 300009923427251
special case LAUREN.WALSON@ORACLE.COM 309
special case LAUREN.WALSON@ORACLE.COM 5329
special case LAUREN.WALSON@ORACLE.COM 300009923436609
special case LAUREN.WALSON@ORACLE.COM 5329
special case LAUREN.WALSON@ORACLE.COM 300009923422510
special case LAUREN.WALSON@ORACLE.COM 5329
special case LAUREN.WALSON@ORACLE.COM 300009923430962
special case LAUREN.WALSON@ORACLE.COM 5329
special case LAUREN.WALSON@ORACLE.COM 300009923430998
special case LAUREN.WALSON@ORACLE.COM 5329
special case LAUREN.WALSON@ORACLE.COM 300009923441582
special case LAUREN.WALSON@ORACLE.COM 464
special case LAUREN.WALSON@ORACLE.COM 5329
special case LAUREN.WALSON@ORACLE.COM 300009923435946
special case LAUREN.WALSON@ORACLE.COM 5110
special case LAUREN.WALSON@ORACLE.COM 300009923435916
special case LAUREN.WALSON@ORACLE.COM 328
special case LAUREN.WALSON@ORACLE.COM 5110
special case LAUREN.WALSON@ORACLE.COM 300009923441625
special case LAUREN.WALSON@ORACLE.COM 166805
special case LAUREN.WALSON@ORACLE.COM 300009963461664
special case LAUREN.WALSON@ORACLE.COM 166805
special case LAUREN.WALSON@ORACLE.COM 300009964056822
special case LAUREN.WALSON@ORACLE.COM 456
special case LAUREN.WALSON@ORACLE.COM 166805
special case LAUREN.WALSON@ORACLE.COM 300009963938545
special case LAUREN.WALSON@ORACLE.COM 166805
special case LAUREN.WALSON@ORACLE.COM 300009964184083
special case LAUREN.WALSON@ORACLE.COM 166805
special case LAUREN.WALSON@ORACLE.COM 300009964555107
special case LAUREN.WALSON@ORACLE.COM 166805
special case LAUREN.WALSON@ORACLE.COM 300009964436925
special case LAUREN.WALSON@ORACLE.COM 166805
special case LAUREN.WALSON@ORACLE.COM 300009969523565
special case LAUREN.WALSON@ORACLE.COM 166805
special case LAUREN.WALSON@ORACLE.COM 300009969992180
special case LAUREN.WALSON@ORACLE.COM 166805
special case LAUREN.WALSON@ORACLE.COM 300009969523728
special case LAUREN.WALSON@ORACLE.COM 166805
special case LAUREN.WALSON@ORACLE.COM 300009970359390
special case LAUREN.WALSON@ORACLE.COM 166805
special case LAUREN.WALSON@ORACLE.COM 300009970377064
special case LAUREN.WALSON@ORACLE.COM 5110
special case LAUREN.WALSON@ORACLE.COM 300009970403963
special case LAUREN.WALSON@ORACLE.COM 5110
special case LAUREN.WALSON@ORACLE.COM 300009970403998
special case LAUREN.WALSON@ORACLE.COM 446
special case LAUREN.WALSON@ORACLE.COM 5110
special case LAUREN.WALSON@ORACLE.COM 300009970406084
special case LAUREN.WALSON@ORACLE.COM 5110
special case LAUREN.WALSON@ORACLE.COM 300009970371780
special case LAUREN.WALSON@ORACLE.COM 5110
special case LAUREN.WALSON@ORACLE.COM 300009970409964
special case LAUREN.WALSON@ORACLE.COM 5110
special case LAUREN.WALSON@ORACLE.COM 300009970411934
special case LAUREN.WALSON@ORACLE.COM 295
