special case JOEL@23-CREATIVE.COM 148
special case JHILL@ACHIEVEIT.COM 147
special case JHILL@ACHIEVEIT.COM 149
special case JHILL@ACHIEVEIT.COM 152
special case JHILL@ACHIEVEIT.COM 156
special case JHILL@ACHIEVEIT.COM 157
special case JHILL@ACHIEVEIT.COM 158
special case JHILL@ACHIEVEIT.COM 163
special case JHILL@ACHIEVEIT.COM 180
special case TEST_RON4474@PROJECTSTEPWELLS.COM 146
special case TEST_RON4474@PROJECTSTEPWELLS.COM 147
special case TEST_RON4474@PROJECTSTEPWELLS.COM 148
special case TEST_RON4474@PROJECTSTEPWELLS.COM 149
special case TEST_RON4474@PROJECTSTEPWELLS.COM 150
special case KEVIN.CYR@ORACLE.COM 155
special case ADAM.MAAS@ORACLE.COM 146
special case JOE.FIMIANI@ORACLE.COM 164
special case JOE.FIMIANI@ORACLE.COM 180
special case JOE.FIMIANI@ORACLE.COM 182
special case JOE.FIMIANI@ORACLE.COM 184
special case JOE.FIMIANI@ORACLE.COM 226
special case JOE.FIMIANI@ORACLE.COM 227
special case JOHN@COLABO.COM 781
special case JOHN@COLABO.COM 794
special case JOHN@COLABO.COM 799
special case JOHN@COLABO.COM 757
special case JOHN@COLABO.COM 826
special case JOHN@COLABO.COM 827
special case JOHN@COLABO.COM 810
special case JOHN@COLABO.COM 794
special case JOHN@COLABO.COM 794
special case JOHN@COLABO.COM 798
special case JOHN@COLABO.COM 843
special case JOHN@COLABO.COM 799
special case JOHN@COLABO.COM 792
special case JOHN@COLABO.COM 798
special case JOHN@COLABO.COM 815
special case JOHN@COLABO.COM 792
special case JOHN@COLABO.COM 908
special case JOHN@COLABO.COM 910
special case JOHN@COLABO.COM 911
special case JOHN@COLABO.COM 909
special case JOHN@COLABO.COM 912
special case JOHN@COLABO.COM 910
special case JOHN@COLABO.COM 913
special case JOHN@COLABO.COM 914
special case JOHN@COLABO.COM 909
special case JOHN@COLABO.COM 915
special case JOHN@COLABO.COM 916
special case JOHN@COLABO.COM 917
special case JOHN@COLABO.COM 919
special case JOHN@COLABO.COM 921
special case JOHN@COLABO.COM 920
special case JOHN@COLABO.COM 922
special case JOHN@COLABO.COM 923
special case JOHN@COLABO.COM 924
special case JOHN@COLABO.COM 925
special case JOHN@COLABO.COM 926
special case JOHN@COLABO.COM 928
special case JOHN@COLABO.COM 927
special case JOHN@COLABO.COM 929
special case JOHN@COLABO.COM 930
special case JOHN@COLABO.COM 931
special case JOHN@COLABO.COM 932
special case JOHN@COLABO.COM 934
special case JOHN@COLABO.COM 933
special case JOHN@COLABO.COM 935
special case JOHN@COLABO.COM 936
special case JOHN@COLABO.COM 909
special case JOHN@COLABO.COM 912
special case JOHN@COLABO.COM 937
special case JOHN@COLABO.COM 901
special case JOHN@COLABO.COM 905
special case JOHN@COLABO.COM 906
special case JOHN@COLABO.COM 955
special case JOHN@COLABO.COM 977
special case JOHN@COLABO.COM 980
special case JOHN@COLABO.COM 977
special case JOHN@COLABO.COM 976
special case JOHN@COLABO.COM 970
special case JOHN@COLABO.COM 967
special case JOHN@COLABO.COM 970
special case JOHN@COLABO.COM 976
special case JOHN@COLABO.COM 980
special case JOHN@COLABO.COM 967
special case JOHN@COLABO.COM 984
special case JOHN@COLABO.COM 974
special case JOHN@COLABO.COM 990
special case JOHN@COLABO.COM 996
special case JOHN@COLABO.COM 998
special case JOHN@COLABO.COM 998
special case JOHN@COLABO.COM 996
special case JOHN@COLABO.COM 1008
special case JOHN@COLABO.COM 1008
special case STEVIE.FARMER@ORACLE.COM 146
changed ofir schlam's email from null to ofir@taranis.ag on user SHANITEST@GMAIL.COM
changed Shessvy Lepekelly's email from null to slepekelly@cynchinc.com on user DTHIEU@TINTRI.COM
changed Paul Lockley's email from null to paul.lockley@scality.com on user DTHIEU@TINTRI.COM
changed Shauntay Galleon's email from null to galleons@dteenergy.com on user GRETCHEN.GUTERDING@ORACLE.COM
changed Ludwig Derodel's email from null to ludwig.derodel@citi.com on user BLUCIDO@TINTRI.COM
changed Chris Shatto's email from null to chris.shatto@gmail.com on user BLUCIDO@TINTRI.COM
changed Reshma Patel's email from null to ppatel@einstein.edu on user JHILL@ACHIEVEIT.COM
changed Cory Angelini's email from null to angelini-cory@cooperhealth.edu on user JHILL@ACHIEVEIT.COM
changed Bob Srubar's email from null to srubar@gmail.com on user JHILL@ACHIEVEIT.COM
changed Naama Halperin Berkovitch's email from null to naama@colabo.com on user JHILL@ACHIEVEIT.COM
changed Frank Cox's email from null to frank.cox@yokohamatire.com on user REBECCA.D.KELLY@ORACLE.COM
changed Curtis Atkisson's email from null to curtis.atkisson@sojern.com on user ASHLEY.PAUER@ORACLE.COM
changed Terri VanderLinden's email from null to terri.vanderlinden@cellcom.com on user ASHLEY.PAUER@ORACLE.COM
changed Jim Lienau's email from null to jim.lienau@cellcom.com on user ASHLEY.PAUER@ORACLE.COM
changed Amanda Sande's email from null to sande.amanda@paulbunyan.net on user ASHLEY.PAUER@ORACLE.COM
changed Robbie Chikhani's email from null to robbie.chikhani@malabs.com on user KATE.RICKETTS@ORACLE.COM
changed Kris Wagner's email from null to kris_wagner@trimble.com on user KATE.RICKETTS@ORACLE.COM
changed Anne Bassett's email from null to anne.bassett@jameshardie.com on user KATE.RICKETTS@ORACLE.COM
changed Robb Rugg's email from null to robb.rugg@jameshardie.com on user KATE.RICKETTS@ORACLE.COM
changed Rob Gilfert's email from null to rob.gilfert@jameshardie.com on user KATE.RICKETTS@ORACLE.COM
changed William Tse's email from null to william.tse@jameshardie.com on user KATE.RICKETTS@ORACLE.COM
changed John Leet's email from null to john_leet@trimble.com on user KATE.RICKETTS@ORACLE.COM
changed Daniel Starzec's email from null to daniel.starzec@jameshardie.com on user KATE.RICKETTS@ORACLE.COM
changed Jarret Jarvis's email from null to jarret.jarvis@jameshardie.com on user KATE.RICKETTS@ORACLE.COM
changed Noel Collins's email from null to noel.collins@jameshardie.com on user KATE.RICKETTS@ORACLE.COM
changed Sean Romo's email from null to sean.romo@jameshardie.com on user KATE.RICKETTS@ORACLE.COM
changed Eli Masud, MBA's email from null to elim@jameshardie.com on user KATE.RICKETTS@ORACLE.COM
changed Sandra Lamartine's email from null to sandra.lamartine@jameshardie.com on user KATE.RICKETTS@ORACLE.COM
changed Todd London's email from null to todd.london@jameshardie.com on user KATE.RICKETTS@ORACLE.COM
changed Brian Mitchell's email from null to brian.mitchell@jameshardie.com on user KATE.RICKETTS@ORACLE.COM
changed Brian Casey's email from null to brian.casey@3wire.com on user IANW@TINTRI.COM
changed Monica Mena's email from null to mmena@hottopic.com on user ADAM.MAAS@ORACLE.COM
changed Lisa Lorenzo's email from null to llorenzo@arbonne.com on user ADAM.MAAS@ORACLE.COM
changed Dean Lazarus's email from null to dlazarus@gatelesis.com on user ELIJA.SANON@ORACLE.COM
changed Richard Shea's email from null to rshea@datagravity.com on user JOE.FIMIANI@ORACLE.COM
changed Deborah Amighi's email from null to deborah.amighi@putnam.com on user JOE.FIMIANI@ORACLE.COM
changed Elizabeth Rodriguez's email from null to erodriguez@putnam.com on user JOE.FIMIANI@ORACLE.COM
changed Joe Kealty's email from null to joe.kealty@putnam.com on user JOE.FIMIANI@ORACLE.COM
changed Kathy Livingston's email from null to kathy.livingston@skillsoft.com on user JOE.FIMIANI@ORACLE.COM
changed Christophe Rustici's email from null to christophe.rustici@skillsoft.com on user JOE.FIMIANI@ORACLE.COM
changed Danielle Ponsant's email from null to danielle.ponsant@skillsoft.com on user JOE.FIMIANI@ORACLE.COM
changed Jeff Hewson's email from null to jhewson@adaptcom.com on user JOE.FIMIANI@ORACLE.COM
changed Jonathan Sussman's email from null to jsussman@adelphic.com on user JOE.FIMIANI@ORACLE.COM
changed Brent Biernat's email from null to brent.biernat@cocc.com on user JOE.FIMIANI@ORACLE.COM
changed Peggy (Carney) Murphy's email from null to pmurphy@eliassen.com on user JOE.FIMIANI@ORACLE.COM
changed Paul Novak's email from null to paul@cloudlock.com on user JOE.FIMIANI@ORACLE.COM
changed Matt Maloney's email from null to matt.maloney@cloudlock.com on user JOE.FIMIANI@ORACLE.COM
changed Gene Fay's email from null to gene.fay@resilientsystems.com on user JOE.FIMIANI@ORACLE.COM
changed Samuel Whelan's email from null to swhelan@resilientsystems.com on user JOE.FIMIANI@ORACLE.COM
changed Karen Higgins's email from null to khiggins@resilientsystems.com on user JOE.FIMIANI@ORACLE.COM
changed Carly Patterson's email from null to cpatterson@resilientsystems.com on user JOE.FIMIANI@ORACLE.COM
changed Stephen Martin's email from null to smartin@plumchoice.com on user JOE.FIMIANI@ORACLE.COM
changed Dave Alsen's email from null to dalsen@plumchoice.com on user JOE.FIMIANI@ORACLE.COM
changed Jeff Lippincott's email from null to jlippincott@plumchoice.com on user JOE.FIMIANI@ORACLE.COM
changed Kurt Grabner's email from null to kgrabner@plumchoice.com on user JOE.FIMIANI@ORACLE.COM
changed Steve Sullivan's email from null to steves@infinidat.com on user JOE.FIMIANI@ORACLE.COM
changed Moshe Dahan's email from null to moshed@infinidat.com on user JOE.FIMIANI@ORACLE.COM
changed Jim Wilkinson's email from null to jimw@infinidat.com on user JOE.FIMIANI@ORACLE.COM
changed Robert Flint's email from null to rflint@luminoso.com on user JOE.FIMIANI@ORACLE.COM
changed Dave Eicher's email from null to dave.eicher@cloudhealthtech.com on user JOE.FIMIANI@ORACLE.COM
changed Jim Austin's email from null to austinj@pepperlaw.com on user JOE.FIMIANI@ORACLE.COM
changed John Waring's email from null to jwaring@philly.com on user JOE.FIMIANI@ORACLE.COM
changed Eric Schulties's email from null to eric.schulties@itxm.org on user JOE.FIMIANI@ORACLE.COM
changed Jeffrey Kardos's email from null to jkardos@revitasinc.com on user JOE.FIMIANI@ORACLE.COM
changed Damien Woods's email from null to woodsd@einstein.edu on user JOE.FIMIANI@ORACLE.COM
changed Ashley Glen's email from null to ashley.glen@elizabetharden.com on user JOSHUA.LOCKE@ORACLE.COM
changed Manoj Morwale's email from null to manoj.morwale@protective.com on user BEN.SIMMONS@ORACLE.COM
changed Hyland John's email from null to john.hyland@sentry.com on user BEN.SIMMONS@ORACLE.COM
changed Michael Woods's email from null to michael@rcn.com on user SCOTT.A.HUNTER@ORACLE.COM
changed Amy Boston I&apos;m HIRING's email from null to amy@rcn.com on user SCOTT.A.HUNTER@ORACLE.COM
