special case JOHN.SFDC@COLABO.COM 156
special case JOHN.SFDC@COLABO.COM 148
special case JOHN.SFDC@COLABO.COM 149
special case JOHN.SFDC@COLABO.COM 150
special case JOHN.SFDC@COLABO.COM 151
special case JOHN.SFDC@COLABO.COM 152
special case JOHN.SFDC@COLABO.COM 155
special case JOHN.SFDC@COLABO.COM 157
special case JOHN.SFDC@COLABO.COM 159
special case JOHN.SFDC@COLABO.COM 163
special case JOHN.SFDC@COLABO.COM 164
special case JOHN.SFDC@COLABO.COM 165
special case JOHN.SFDC@COLABO.COM 168
special case MIKE@CAPSHARE.COM 146
special case MIKE@CAPSHARE.COM 147
special case MIKE@CAPSHARE.COM 148
special case MIKE@CAPSHARE.COM 149
special case MIKE@CAPSHARE.COM 150
special case MIKE@CAPSHARE.COM 151
special case MIKE@CAPSHARE.COM 152
special case MIKE@CAPSHARE.COM 153
special case MIKE@CAPSHARE.COM 154
special case MIKE@CAPSHARE.COM 155
special case MIKE@CAPSHARE.COM 156
special case MIKE@CAPSHARE.COM 157
special case MIKE@CAPSHARE.COM 158
special case MIKE@CAPSHARE.COM 159
special case MIKE@CAPSHARE.COM 160
special case MIKE@CAPSHARE.COM 161
special case ZACHARY.DEZELLAR@ORACLE.COM 149
special case ZACHARY.DEZELLAR@ORACLE.COM 147
special case ZACHARY.DEZELLAR@ORACLE.COM 148
special case ZACHARY.DEZELLAR@ORACLE.COM 146
special case ZACHARY.DEZELLAR@ORACLE.COM 150
special case ZACHARY.DEZELLAR@ORACLE.COM 151
special case DAMANI.AKRIDGE@ORACLE.COM 146
special case DAMANI.AKRIDGE@ORACLE.COM 147
changed Sergio Almendariz's email from null to sergio.almendariz@mckesson.com on user LAURA.BAJEK@ORACLE.COM
changed Robert Hicks's email from null to robert.hicks@mckesson.com on user LAURA.BAJEK@ORACLE.COM
changed Jen Tenczar's email from null to jen.tenczar@mckesson.com on user LAURA.BAJEK@ORACLE.COM
changed Reba W.'s email from null to w@mckesson.com on user LAURA.BAJEK@ORACLE.COM
changed Dennis Brice's email from null to dennis.brice@mckesson.com on user LAURA.BAJEK@ORACLE.COM
changed Gene Baker's email from null to gene.baker@mckesson.com on user LAURA.BAJEK@ORACLE.COM
changed Sheila Middleswart's email from null to sheila.middleswart@mckesson.com on user LAURA.BAJEK@ORACLE.COM
changed Ashley Petit's email from null to ashley.petit@mckesson.com on user LAURA.BAJEK@ORACLE.COM
changed Eric Chester's email from null to eric.chester@mckesson.com on user LAURA.BAJEK@ORACLE.COM
changed Brandon Norris's email from null to brandon.norris@mckesson.com on user LAURA.BAJEK@ORACLE.COM
changed Mike McRee's email from null to mcree.mike@deltau.org on user JMCDONALD@COTRIBUTE.COM
changed Stephanie Kimmel's email from null to skimmel@fieldmuseum.org on user JMCDONALD@COTRIBUTE.COM
changed Suzy Varadi's email from null to svaradi@famsf.org on user JMCDONALD@COTRIBUTE.COM
changed Geri Mitchell-Brown's email from null to geri@rallydev.com on user JMCDONALD@COTRIBUTE.COM
changed Peter LaBore's email from null to peter@backcountry.com on user JOHN.ADAMIC@ORACLE.COM
changed Ted Forbes's email from null to tforbes@backcountry.com on user JOHN.ADAMIC@ORACLE.COM
changed Chris Purkey's email from null to chris@backcountry.com on user JOHN.ADAMIC@ORACLE.COM
changed William Kenney's email from null to williamk@backcountry.com on user JOHN.ADAMIC@ORACLE.COM
changed Emmanuel Ventura's email from null to emmanuel@ziprecruiter.com on user BJ.NELSON@ORACLE.COM
changed Jeff Zwelling's email from null to jeff.zwelling@ziprecruiter.com on user BJ.NELSON@ORACLE.COM
changed Barry Fischetto's email from null to barry.fischetto@farmerbros.com on user SIGNE.BLUM@ORACLE.COM
changed Kimberly Forman's email from null to kforman@farmerbros.com on user SIGNE.BLUM@ORACLE.COM
changed Manny Francia's email from null to manny.francia@farmerbros.com on user SIGNE.BLUM@ORACLE.COM
changed Damian McCusker's email from null to damianm@asicsamerica.com on user SIGNE.BLUM@ORACLE.COM
changed David Thomas's email from null to davidt@asicsamerica.com on user SIGNE.BLUM@ORACLE.COM
changed Scott R. Lindquist's email from null to scott.lindquist@farmers.com on user SIGNE.BLUM@ORACLE.COM
changed Aaron Nissim's email from null to anissim@fmbonline.com on user SIGNE.BLUM@ORACLE.COM
changed Ken Smith's email from null to ksmith@fmbonline.com on user SIGNE.BLUM@ORACLE.COM
changed Rodney Schnadelbach's email from null to rodney.schnadelbach@tristargroup.net on user SIGNE.BLUM@ORACLE.COM
changed Craig Evans's email from null to craig.evans@tristargroup.net on user SIGNE.BLUM@ORACLE.COM
changed Terie Smith's email from null to terie.smith@tristargroup.net on user SIGNE.BLUM@ORACLE.COM
changed Shana Barrowclough's email from null to sbarrowclough@tristargroup.net on user SIGNE.BLUM@ORACLE.COM
changed Avinash Tilak's email from null to avinash.tilak@tristargroup.net on user SIGNE.BLUM@ORACLE.COM
changed Sydney Reitz's email from null to reitz.sydney@kingequipmentllc.com on user SIGNE.BLUM@ORACLE.COM
changed Thea Page's email from null to tpage@huntington.org on user SIGNE.BLUM@ORACLE.COM
changed Robert Carter's email from null to rcarter@huntington.org on user SIGNE.BLUM@ORACLE.COM
changed Sowden, Alison's email from null to sowden@huntington.org on user SIGNE.BLUM@ORACLE.COM
changed Mary Ann Lubeskie's email from null to mlubeskie@tristargroup.net on user SIGNE.BLUM@ORACLE.COM
changed Karol Becker's email from null to kbecker@dacor.com on user SIGNE.BLUM@ORACLE.COM
changed Anette Gaven's email from null to agaven@novatelwireless.com on user SIGNE.BLUM@ORACLE.COM
changed Dr. Slim Souissi's email from null to ssouissi@novatelwireless.com on user SIGNE.BLUM@ORACLE.COM
changed ANGELO FERNANDEZ's email from null to afernandez@robertkaufman.com on user SIGNE.BLUM@ORACLE.COM
changed Diana Pearl's email from null to dpearl@robertkaufman.com on user SIGNE.BLUM@ORACLE.COM
changed John LaBarbera's email from null to john.labarbera@closetfactory.com on user SIGNE.BLUM@ORACLE.COM
changed Rick Willingham's email from null to rick.willingham@closetfactory.com on user SIGNE.BLUM@ORACLE.COM
changed Kathryn LaBarbera's email from null to kathryn.labarbera@closetfactory.com on user SIGNE.BLUM@ORACLE.COM
changed Karen Shelton's email from null to karens@asicsamerica.com on user SIGNE.BLUM@ORACLE.COM
changed Kristine Price's email from null to p.kristine@communitywestbank.com on user SIGNE.BLUM@ORACLE.COM
changed Michael Phlaum's email from null to p-michael@communitywestbank.com on user SIGNE.BLUM@ORACLE.COM
changed Deborah Scott's email from null to deborah.scott@communitywestbank.com on user SIGNE.BLUM@ORACLE.COM
changed Lynda Nahra's email from null to nahra.lynda@communitywestbank.com on user SIGNE.BLUM@ORACLE.COM
changed Marcy Shewmon's email from null to marcy@communitywestbank.com on user SIGNE.BLUM@ORACLE.COM
changed Chris Ludewig's email from null to chris.ludewig@calamp.com on user SIGNE.BLUM@ORACLE.COM
changed Garo Sarkissian's email from null to garo.sarkissian@calamp.com on user SIGNE.BLUM@ORACLE.COM
changed David Cunha's email from null to dcunha@payoff.com on user SIGNE.BLUM@ORACLE.COM
changed Scott Saunders's email from null to scott@payoff.com on user SIGNE.BLUM@ORACLE.COM
changed Matthew Wilson's email from null to mwilson@payoff.com on user SIGNE.BLUM@ORACLE.COM
changed Brandon Tracey's email from null to brandon@payoff.com on user SIGNE.BLUM@ORACLE.COM
changed Lenny Moon's email from null to lenny@payoff.com on user SIGNE.BLUM@ORACLE.COM
changed Dan Sinner's email from null to dan@payoff.com on user SIGNE.BLUM@ORACLE.COM
changed Salomon Sredni's email from null to salomon.sredni@tradestation.com on user MOHAMED.HAIMOUD@ORACLE.COM
changed Ron Avnur's email from null to ron.avnur@mongodb.com on user JOHN.SFDC@COLABO.COM
changed Dan Pasette's email from null to dan.pasette@mongodb.com on user JOHN.SFDC@COLABO.COM
changed Andy Schwerin's email from null to andy@mongodb.com on user JOHN.SFDC@COLABO.COM
changed Shannon Bradshaw's email from null to shannon.bradshaw@mongodb.com on user JOHN.SFDC@COLABO.COM
changed Joe Drumgoole's email from null to joe.drumgoole@mongodb.com on user JOHN.SFDC@COLABO.COM
changed Paz Macdonald's email from null to paz@mongodb.com on user JOHN.SFDC@COLABO.COM
changed Sam Hallock's email from null to sam.hallock@mongodb.com on user JOHN.SFDC@COLABO.COM
changed Ryan Schwartz's email from null to ryan.schwartz@mongodb.com on user JOHN.SFDC@COLABO.COM
changed Cailin Nelson's email from null to cailin.nelson@mongodb.com on user JOHN.SFDC@COLABO.COM
changed Mark Green's email from null to mark.green@cmegroup.com on user JOHN.SFDC@COLABO.COM
changed Andrew Lowe's email from null to andrew.lowe@interactivedata.com on user JOHN.SFDC@COLABO.COM
changed Lisa Pascetta, CISSP's email from null to lisa@morganstanley.com on user JOHN.SFDC@COLABO.COM
changed Daniel S. Recanati's email from null to recanati.daniel@rhodium.co.il on user MIKE@CAPSHARE.COM
changed Artem Gassan's email from null to artem@whalepath.com on user MIKE@CAPSHARE.COM
changed Qichao Hu's email from null to qichao@solidenergysystems.com on user MIKE@CAPSHARE.COM
changed Jim Borzilleri's email from null to jim@crowdengine.com on user MIKE@CAPSHARE.COM
changed Amanda Colle's email from null to acolle@aldera.com on user MIKE@CAPSHARE.COM
changed John Sines's email from null to john@wibidata.com on user MIKE@CAPSHARE.COM
changed John Zdanowski's email from null to john@assembledbrands.com on user MIKE@CAPSHARE.COM
changed Christopher Grey's email from null to christopher@caplinked.com on user MIKE@CAPSHARE.COM
changed Jerrod Carter's email from null to jcarter@wheatonworldwide.com on user ZACHARY.DEZELLAR@ORACLE.COM
changed Jerrod Carter's email from null to jcarter@wheatonworldwide.com on user ZACHARY.DEZELLAR@ORACLE.COM
changed Ilango Radhakrishnan's email from null to ilango@viva-it.com on user ZACHARY.DEZELLAR@ORACLE.COM
changed John Reynolds's email from null to john@independentmech.com on user ZACHARY.DEZELLAR@ORACLE.COM
special case TEST09282015@PROJECTSTEPWELLS.COM 146
special case TEST09282015@PROJECTSTEPWELLS.COM 147
special case TEST09282015@PROJECTSTEPWELLS.COM 148
special case JOHN.SFDC@COLABO.COM 156
special case JOHN.SFDC@COLABO.COM 148
special case JOHN.SFDC@COLABO.COM 149
special case JOHN.SFDC@COLABO.COM 150
special case JOHN.SFDC@COLABO.COM 151
special case JOHN.SFDC@COLABO.COM 152
special case JOHN.SFDC@COLABO.COM 155
special case JOHN.SFDC@COLABO.COM 157
special case JOHN.SFDC@COLABO.COM 159
special case JOHN.SFDC@COLABO.COM 163
special case JOHN.SFDC@COLABO.COM 164
special case JOHN.SFDC@COLABO.COM 165
special case JOHN.SFDC@COLABO.COM 168
special case MIKE@CAPSHARE.COM 146
special case MIKE@CAPSHARE.COM 147
special case MIKE@CAPSHARE.COM 148
special case MIKE@CAPSHARE.COM 149
special case MIKE@CAPSHARE.COM 150
special case MIKE@CAPSHARE.COM 151
special case MIKE@CAPSHARE.COM 152
special case MIKE@CAPSHARE.COM 153
special case MIKE@CAPSHARE.COM 154
special case MIKE@CAPSHARE.COM 155
special case MIKE@CAPSHARE.COM 156
special case MIKE@CAPSHARE.COM 157
special case MIKE@CAPSHARE.COM 158
special case MIKE@CAPSHARE.COM 159
special case MIKE@CAPSHARE.COM 160
special case MIKE@CAPSHARE.COM 161
special case ZACHARY.DEZELLAR@ORACLE.COM 149
special case ZACHARY.DEZELLAR@ORACLE.COM 147
special case ZACHARY.DEZELLAR@ORACLE.COM 148
special case ZACHARY.DEZELLAR@ORACLE.COM 146
special case ZACHARY.DEZELLAR@ORACLE.COM 150
special case ZACHARY.DEZELLAR@ORACLE.COM 151
special case TEST09242015@PROJECTSTEPWELLS.COM 146
special case TEST09242015@PROJECTSTEPWELLS.COM 147
special case TEST09242015@PROJECTSTEPWELLS.COM 148
special case DAMANI.AKRIDGE@ORACLE.COM 146
special case DAMANI.AKRIDGE@ORACLE.COM 147
special case TEST_RON@PROJECTSTEPWELLS.COM 146
special case TEST_RON@PROJECTSTEPWELLS.COM 147
changed Joe Comly's email from null to cjoe@ikea.com on user MARIA.POUGIALES-POSEY@ORACLE.COM
changed Sergio Almendariz's email from null to sergio.almendariz@mckesson.com on user LAURA.BAJEK@ORACLE.COM
changed Robert Hicks's email from null to robert.hicks@mckesson.com on user LAURA.BAJEK@ORACLE.COM
changed Jen Tenczar's email from null to jen.tenczar@mckesson.com on user LAURA.BAJEK@ORACLE.COM
changed Reba W.'s email from null to w@mckesson.com on user LAURA.BAJEK@ORACLE.COM
changed Dennis Brice's email from null to dennis.brice@mckesson.com on user LAURA.BAJEK@ORACLE.COM
changed Gene Baker's email from null to gene.baker@mckesson.com on user LAURA.BAJEK@ORACLE.COM
changed Sheila Middleswart's email from null to sheila.middleswart@mckesson.com on user LAURA.BAJEK@ORACLE.COM
changed Ashley Petit's email from null to ashley.petit@mckesson.com on user LAURA.BAJEK@ORACLE.COM
changed Eric Chester's email from null to eric.chester@mckesson.com on user LAURA.BAJEK@ORACLE.COM
changed Brandon Norris's email from null to brandon.norris@mckesson.com on user LAURA.BAJEK@ORACLE.COM
changed Lonnie Vandeventer's email from null to lonnie.vandeventer@indwes.edu on user JMCDONALD@COTRIBUTE.COM
changed Stephanie Kimmel's email from null to skimmel@fieldmuseum.org on user JMCDONALD@COTRIBUTE.COM
changed Sarah Toulouse's email from null to sarah.toulouse@bayer.com on user JMCDONALD@COTRIBUTE.COM
changed Suzy Varadi's email from null to svaradi@famsf.org on user JMCDONALD@COTRIBUTE.COM
changed Catherine (Henderson) McGlown's email from null to mhenderson@humana.com on user JMCDONALD@COTRIBUTE.COM
changed Geri Mitchell-Brown's email from null to geri@rallydev.com on user JMCDONALD@COTRIBUTE.COM
changed Peter LaBore's email from null to peter@backcountry.com on user JOHN.ADAMIC@ORACLE.COM
changed Ted Forbes's email from null to tforbes@backcountry.com on user JOHN.ADAMIC@ORACLE.COM
changed Chris Purkey's email from null to chris@backcountry.com on user JOHN.ADAMIC@ORACLE.COM
changed Jeff Guild's email from null to jeff.guild@bluetechresearch.com on user RON@COLABO.COM
changed Emmanuel Ventura's email from null to emmanuel@ziprecruiter.com on user BJ.NELSON@ORACLE.COM
changed Jeff Zwelling's email from null to jeff.zwelling@ziprecruiter.com on user BJ.NELSON@ORACLE.COM
changed Barry Fischetto's email from null to barry.fischetto@farmerbros.com on user SIGNE.BLUM@ORACLE.COM
changed Kimberly Forman's email from null to kforman@farmerbros.com on user SIGNE.BLUM@ORACLE.COM
changed Manny Francia's email from null to manny.francia@farmerbros.com on user SIGNE.BLUM@ORACLE.COM
changed Damian McCusker's email from null to damianm@asicsamerica.com on user SIGNE.BLUM@ORACLE.COM
changed David Thomas's email from null to davidt@asicsamerica.com on user SIGNE.BLUM@ORACLE.COM
changed Scott R. Lindquist's email from null to scott.lindquist@farmers.com on user SIGNE.BLUM@ORACLE.COM
changed Aaron Nissim's email from null to anissim@fmbonline.com on user SIGNE.BLUM@ORACLE.COM
changed Ken Smith's email from null to ksmith@fmbonline.com on user SIGNE.BLUM@ORACLE.COM
changed Rodney Schnadelbach's email from null to rodney.schnadelbach@tristargroup.net on user SIGNE.BLUM@ORACLE.COM
changed Craig Evans's email from null to craig.evans@tristargroup.net on user SIGNE.BLUM@ORACLE.COM
changed Terie Smith's email from null to terie.smith@tristargroup.net on user SIGNE.BLUM@ORACLE.COM
changed Shana Barrowclough's email from null to sbarrowclough@tristargroup.net on user SIGNE.BLUM@ORACLE.COM
changed Avinash Tilak's email from null to avinash.tilak@tristargroup.net on user SIGNE.BLUM@ORACLE.COM
changed Sydney Reitz's email from null to reitz.sydney@kingequipmentllc.com on user SIGNE.BLUM@ORACLE.COM
changed Thea Page's email from null to tpage@huntington.org on user SIGNE.BLUM@ORACLE.COM
changed Robert Carter's email from null to rcarter@huntington.org on user SIGNE.BLUM@ORACLE.COM
changed Sowden, Alison's email from null to sowden@huntington.org on user SIGNE.BLUM@ORACLE.COM
changed Mary Ann Lubeskie's email from null to mlubeskie@tristargroup.net on user SIGNE.BLUM@ORACLE.COM
changed Karol Becker's email from null to kbecker@dacor.com on user SIGNE.BLUM@ORACLE.COM
changed Ken Kaufman's email from null to ken@robertkaufman.com on user SIGNE.BLUM@ORACLE.COM
changed Diana Pearl's email from null to dpearl@robertkaufman.com on user SIGNE.BLUM@ORACLE.COM
changed John LaBarbera's email from null to john.labarbera@closetfactory.com on user SIGNE.BLUM@ORACLE.COM
changed Rick Willingham's email from null to rick.willingham@closetfactory.com on user SIGNE.BLUM@ORACLE.COM
changed Kathryn LaBarbera's email from null to kathryn.labarbera@closetfactory.com on user SIGNE.BLUM@ORACLE.COM
changed Karen Shelton's email from null to karens@asicsamerica.com on user SIGNE.BLUM@ORACLE.COM
changed Kristine Price's email from null to p.kristine@communitywestbank.com on user SIGNE.BLUM@ORACLE.COM
changed Michael Phlaum's email from null to p-michael@communitywestbank.com on user SIGNE.BLUM@ORACLE.COM
changed Carlyn Smith's email from null to carlyn.smith@communitywestbank.com on user SIGNE.BLUM@ORACLE.COM
changed Marcy Shewmon's email from null to marcy@communitywestbank.com on user SIGNE.BLUM@ORACLE.COM
changed Chris Ludewig's email from null to chris.ludewig@calamp.com on user SIGNE.BLUM@ORACLE.COM
changed Garo Sarkissian's email from null to garo.sarkissian@calamp.com on user SIGNE.BLUM@ORACLE.COM
changed David Cunha's email from null to dcunha@payoff.com on user SIGNE.BLUM@ORACLE.COM
changed Scott Saunders's email from null to scott@payoff.com on user SIGNE.BLUM@ORACLE.COM
changed Matthew Wilson's email from null to mwilson@payoff.com on user SIGNE.BLUM@ORACLE.COM
changed Brandon Tracey's email from null to brandon@payoff.com on user SIGNE.BLUM@ORACLE.COM
changed Lenny Moon's email from null to lenny@payoff.com on user SIGNE.BLUM@ORACLE.COM
changed Dan Sinner's email from null to dan@payoff.com on user SIGNE.BLUM@ORACLE.COM
changed Salomon Sredni's email from null to salomon.sredni@tradestation.com on user MOHAMED.HAIMOUD@ORACLE.COM
changed Ron Avnur's email from null to ron.avnur@mongodb.com on user JOHN.SFDC@COLABO.COM
changed Dan Pasette's email from null to dan.pasette@mongodb.com on user JOHN.SFDC@COLABO.COM
changed Andy Schwerin's email from null to andy@mongodb.com on user JOHN.SFDC@COLABO.COM
changed Shannon Bradshaw's email from null to shannon.bradshaw@mongodb.com on user JOHN.SFDC@COLABO.COM
changed Joe Drumgoole's email from null to joe.drumgoole@mongodb.com on user JOHN.SFDC@COLABO.COM
changed Paz Macdonald's email from null to paz@mongodb.com on user JOHN.SFDC@COLABO.COM
changed Sam Hallock's email from null to sam.hallock@mongodb.com on user JOHN.SFDC@COLABO.COM
changed Ryan Schwartz's email from null to ryan.schwartz@mongodb.com on user JOHN.SFDC@COLABO.COM
changed Cailin Nelson's email from null to cailin.nelson@mongodb.com on user JOHN.SFDC@COLABO.COM
changed Mark Green's email from null to mark.green@cmegroup.com on user JOHN.SFDC@COLABO.COM
changed Andrew Lowe's email from null to andrew.lowe@interactivedata.com on user JOHN.SFDC@COLABO.COM
changed Lisa Pascetta, CISSP's email from null to lisa@morganstanley.com on user JOHN.SFDC@COLABO.COM
changed Daniel S. Recanati's email from null to recanati.daniel@rhodium.co.il on user MIKE@CAPSHARE.COM
changed Artem Gassan's email from null to artem@whalepath.com on user MIKE@CAPSHARE.COM
changed Qichao Hu's email from null to qichao@solidenergysystems.com on user MIKE@CAPSHARE.COM
changed Jim Borzilleri's email from null to jim@crowdengine.com on user MIKE@CAPSHARE.COM
changed Amanda Colle's email from null to acolle@aldera.com on user MIKE@CAPSHARE.COM
changed John Sines's email from null to john@wibidata.com on user MIKE@CAPSHARE.COM
changed John Zdanowski's email from null to john@assembledbrands.com on user MIKE@CAPSHARE.COM
changed Christopher Grey's email from null to christopher@caplinked.com on user MIKE@CAPSHARE.COM
changed Jerrod Carter's email from null to jcarter@wheatonworldwide.com on user ZACHARY.DEZELLAR@ORACLE.COM
changed Jerrod Carter's email from null to jcarter@wheatonworldwide.com on user ZACHARY.DEZELLAR@ORACLE.COM
changed Ilango Radhakrishnan's email from null to ilango@viva-it.com on user ZACHARY.DEZELLAR@ORACLE.COM
changed John Reynolds's email from null to john@independentmech.com on user ZACHARY.DEZELLAR@ORACLE.COM
changed Ron Marshall's email from null to rmarshall@independentmech.com on user ZACHARY.DEZELLAR@ORACLE.COM
changed Kevin Vrba's email from null to kvrba@shorr.com on user ZACHARY.DEZELLAR@ORACLE.COM
changed Lindsay Gorman's email from null to lgorman@challengergray.com on user ZACHARY.DEZELLAR@ORACLE.COM
changed Margaret Cabello's email from null to margaret.cabello@bairdwarner.com on user ZACHARY.DEZELLAR@ORACLE.COM
changed Warren Habib's email from null to warren.habib@bairdwarner.com on user ZACHARY.DEZELLAR@ORACLE.COM
changed Luke Frederick's email from null to luke.frederick@clearcapital.com on user CALEB.JOHNSON@ORACLE.COM
changed Ruth Yankoupe's email from null to ruth.yankoupe@consensuscorp.com on user CALEB.JOHNSON@ORACLE.COM
changed Scott Brazwell's email from null to sbrazwell@fchenterprises.com on user CALEB.JOHNSON@ORACLE.COM
changed Tatiana Miotto's email from null to tatiana.miotto@xoom.com on user CALEB.JOHNSON@ORACLE.COM
changed Albert Chin's email from null to albert.chin@silverspringnet.com on user JASON.FOSS@ORACLE.COM
special case MARIA.POUGIALES-POSEY@ORACLE.COM 2743
special case MARIA.POUGIALES-POSEY@ORACLE.COM 243
special case LIZ.SCHMITZ@ORACLE.COM 6445391
special case LIZ.SCHMITZ@ORACLE.COM 300009597013677
special case LAURA.BAJEK@ORACLE.COM 1900
special case LAURA.BAJEK@ORACLE.COM 300009820222703
special case LAURA.BAJEK@ORACLE.COM 443
special case LAURA.BAJEK@ORACLE.COM 1900
special case LAURA.BAJEK@ORACLE.COM 300009845790125
special case LAURA.BAJEK@ORACLE.COM 396
special case LAURA.BAJEK@ORACLE.COM 1900
special case LAURA.BAJEK@ORACLE.COM 300009859488994
special case LAURA.BAJEK@ORACLE.COM 300008550669567
special case LAURA.BAJEK@ORACLE.COM 1900
special case LAURA.BAJEK@ORACLE.COM 300009859489126
special case LAURA.BAJEK@ORACLE.COM 1901
special case LAURA.BAJEK@ORACLE.COM 300008550713408
special case LAURA.BAJEK@ORACLE.COM 1901
special case LAURA.BAJEK@ORACLE.COM 1900
special case LAURA.BAJEK@ORACLE.COM 300009859525359
special case LAURA.BAJEK@ORACLE.COM 1900
special case LAURA.BAJEK@ORACLE.COM 300009859489046
special case LAURA.BAJEK@ORACLE.COM 1900
special case LAURA.BAJEK@ORACLE.COM 300009859492033
special case LAURA.BAJEK@ORACLE.COM 292
special case LAURA.BAJEK@ORACLE.COM 1900
special case LAURA.BAJEK@ORACLE.COM 300008669867081
special case LAURA.BAJEK@ORACLE.COM 1900
special case LAURA.BAJEK@ORACLE.COM 300009859504773
special case LAURA.BAJEK@ORACLE.COM 495
special case LAURA.BAJEK@ORACLE.COM 1901
special case LAURA.BAJEK@ORACLE.COM 300009859477134
special case LAURA.BAJEK@ORACLE.COM 321
special case JMCDONALD@COTRIBUTE.COM 16943
special case JMCDONALD@COTRIBUTE.COM 44140
special case JMCDONALD@COTRIBUTE.COM 16059
special case JMCDONALD@COTRIBUTE.COM 28950
special case JMCDONALD@COTRIBUTE.COM 4257
special case JMCDONALD@COTRIBUTE.COM 23689
special case JMCDONALD@COTRIBUTE.COM 20598
special case JOHN.ADAMIC@ORACLE.COM 201258
special case JOHN.ADAMIC@ORACLE.COM 300009597064516
special case JOHN.ADAMIC@ORACLE.COM 201258
special case JOHN.ADAMIC@ORACLE.COM 300009597065146
special case JOHN.ADAMIC@ORACLE.COM 201258
special case JOHN.ADAMIC@ORACLE.COM 300009597090703
special case JOHN.ADAMIC@ORACLE.COM 201258
special case JOHN.ADAMIC@ORACLE.COM 300009597078895
special case BJ.NELSON@ORACLE.COM 967124
special case BJ.NELSON@ORACLE.COM 300009597657736
special case BJ.NELSON@ORACLE.COM 967124
special case BJ.NELSON@ORACLE.COM 300009597658728
special case BJ.NELSON@ORACLE.COM 967124
special case BJ.NELSON@ORACLE.COM 300009597663716
special case BJ.NELSON@ORACLE.COM 211
special case SIGNE.BLUM@ORACLE.COM 352970
special case SIGNE.BLUM@ORACLE.COM 300009678253060
special case SIGNE.BLUM@ORACLE.COM 352970
special case SIGNE.BLUM@ORACLE.COM 300009678305824
special case SIGNE.BLUM@ORACLE.COM 352970
special case SIGNE.BLUM@ORACLE.COM 300009678330100
special case SIGNE.BLUM@ORACLE.COM 270059
special case SIGNE.BLUM@ORACLE.COM 300009679506343
special case SIGNE.BLUM@ORACLE.COM 270059
special case SIGNE.BLUM@ORACLE.COM 300009679508059
special case SIGNE.BLUM@ORACLE.COM 270059
special case SIGNE.BLUM@ORACLE.COM 300009679505195
special case SIGNE.BLUM@ORACLE.COM 270059
special case SIGNE.BLUM@ORACLE.COM 300009679425624
special case SIGNE.BLUM@ORACLE.COM 270059
special case SIGNE.BLUM@ORACLE.COM 300009679842763
special case SIGNE.BLUM@ORACLE.COM 3239
special case SIGNE.BLUM@ORACLE.COM 440
special case SIGNE.BLUM@ORACLE.COM 1812083
special case SIGNE.BLUM@ORACLE.COM 300009777655969
special case SIGNE.BLUM@ORACLE.COM 300009777656100
special case SIGNE.BLUM@ORACLE.COM 756698
special case SIGNE.BLUM@ORACLE.COM 756698
special case SIGNE.BLUM@ORACLE.COM 378
special case SIGNE.BLUM@ORACLE.COM 756698
special case SIGNE.BLUM@ORACLE.COM 756698
special case SIGNE.BLUM@ORACLE.COM 115874
special case SIGNE.BLUM@ORACLE.COM 412
special case SIGNE.BLUM@ORACLE.COM 115874
special case SIGNE.BLUM@ORACLE.COM 115874
special case SIGNE.BLUM@ORACLE.COM 756698
special case SIGNE.BLUM@ORACLE.COM 311960
special case SIGNE.BLUM@ORACLE.COM 300009816720904
special case SIGNE.BLUM@ORACLE.COM 311960
special case SIGNE.BLUM@ORACLE.COM 300009816784502
special case SIGNE.BLUM@ORACLE.COM 10149
special case SIGNE.BLUM@ORACLE.COM 10149
special case SIGNE.BLUM@ORACLE.COM 10149
special case SIGNE.BLUM@ORACLE.COM 789902
special case SIGNE.BLUM@ORACLE.COM 789902
special case SIGNE.BLUM@ORACLE.COM 789902
special case SIGNE.BLUM@ORACLE.COM 245348
special case SIGNE.BLUM@ORACLE.COM 245348
special case SIGNE.BLUM@ORACLE.COM 245348
special case SIGNE.BLUM@ORACLE.COM 270059
special case SIGNE.BLUM@ORACLE.COM 300009866165985
special case SIGNE.BLUM@ORACLE.COM 270059
special case SIGNE.BLUM@ORACLE.COM 300009866167019
special case SIGNE.BLUM@ORACLE.COM 62831
special case SIGNE.BLUM@ORACLE.COM 300009867631245
special case SIGNE.BLUM@ORACLE.COM 62831
special case SIGNE.BLUM@ORACLE.COM 300009867620752
special case SIGNE.BLUM@ORACLE.COM 62831
special case SIGNE.BLUM@ORACLE.COM 300009867641376
special case SIGNE.BLUM@ORACLE.COM 62831
special case SIGNE.BLUM@ORACLE.COM 300009867640716
special case SIGNE.BLUM@ORACLE.COM 62831
special case SIGNE.BLUM@ORACLE.COM 300009867651931
special case SIGNE.BLUM@ORACLE.COM 62831
special case SIGNE.BLUM@ORACLE.COM 300009867641631
special case SIGNE.BLUM@ORACLE.COM 12441
special case SIGNE.BLUM@ORACLE.COM 300009879235597
special case SIGNE.BLUM@ORACLE.COM 12441
special case SIGNE.BLUM@ORACLE.COM 300009879231110
special case SIGNE.BLUM@ORACLE.COM 40431
special case SIGNE.BLUM@ORACLE.COM 300009905092296
special case SIGNE.BLUM@ORACLE.COM 776947
special case SIGNE.BLUM@ORACLE.COM 300009923097360
special case SIGNE.BLUM@ORACLE.COM 776947
special case SIGNE.BLUM@ORACLE.COM 300009923219814
special case SIGNE.BLUM@ORACLE.COM 776947
special case SIGNE.BLUM@ORACLE.COM 300009923227616
special case SIGNE.BLUM@ORACLE.COM 776947
special case SIGNE.BLUM@ORACLE.COM 300009923219929
special case SIGNE.BLUM@ORACLE.COM 776947
special case SIGNE.BLUM@ORACLE.COM 300009923214097
special case SIGNE.BLUM@ORACLE.COM 776947
special case SIGNE.BLUM@ORACLE.COM 300009923214166
special case SIGNE.BLUM@ORACLE.COM 37148
special case SIGNE.BLUM@ORACLE.COM 300009933267661
special case SIGNE.BLUM@ORACLE.COM 10149
special case SIGNE.BLUM@ORACLE.COM 10149
special case SIGNE.BLUM@ORACLE.COM 435
special case SIGNE.BLUM@ORACLE.COM 10149
special case JOHN.SFDC@COLABO.COM 783611
special case JOHN.SFDC@COLABO.COM 421
special case JOHN.SFDC@COLABO.COM 148
special case JOHN.SFDC@COLABO.COM 783611
special case JOHN.SFDC@COLABO.COM 490
special case JOHN.SFDC@COLABO.COM 149
special case JOHN.SFDC@COLABO.COM 783611
special case JOHN.SFDC@COLABO.COM 150
special case JOHN.SFDC@COLABO.COM 783611
special case JOHN.SFDC@COLABO.COM 151
special case JOHN.SFDC@COLABO.COM 783611
special case JOHN.SFDC@COLABO.COM 152
special case JOHN.SFDC@COLABO.COM 783611
special case JOHN.SFDC@COLABO.COM 155
special case JOHN.SFDC@COLABO.COM 783611
special case JOHN.SFDC@COLABO.COM 498
special case JOHN.SFDC@COLABO.COM 157
special case JOHN.SFDC@COLABO.COM 5499
special case JOHN.SFDC@COLABO.COM 431
special case JOHN.SFDC@COLABO.COM 164404
special case JOHN.SFDC@COLABO.COM 3062
special case JOHN.SFDC@COLABO.COM 497017
special case JOHN.SFDC@COLABO.COM 164
special case JOHN.SFDC@COLABO.COM 497017
special case JOHN.SFDC@COLABO.COM 375185
special case JOHN.SFDC@COLABO.COM 168
special case MIKE@CAPSHARE.COM 262157
special case MIKE@CAPSHARE.COM 146
special case MIKE@CAPSHARE.COM 2860620
special case MIKE@CAPSHARE.COM 147
special case MIKE@CAPSHARE.COM 3256760
special case MIKE@CAPSHARE.COM 153
special case MIKE@CAPSHARE.COM 3595936
special case MIKE@CAPSHARE.COM 154
special case MIKE@CAPSHARE.COM 5192891
special case MIKE@CAPSHARE.COM 158
special case MIKE@CAPSHARE.COM 222662
special case KEV.WANG@ORACLE.COM 25904
special case KEV.WANG@ORACLE.COM 403
special case ZACHARY.DEZELLAR@ORACLE.COM 45593
special case ZACHARY.DEZELLAR@ORACLE.COM 300009869860653
special case ZACHARY.DEZELLAR@ORACLE.COM 292857
special case ZACHARY.DEZELLAR@ORACLE.COM 292857
special case ZACHARY.DEZELLAR@ORACLE.COM 293
special case ZACHARY.DEZELLAR@ORACLE.COM 77765
special case ZACHARY.DEZELLAR@ORACLE.COM 28264
special case ZACHARY.DEZELLAR@ORACLE.COM 301
special case ZACHARY.DEZELLAR@ORACLE.COM 11256
special case ZACHARY.DEZELLAR@ORACLE.COM 300009792851548
special case ZACHARY.DEZELLAR@ORACLE.COM 11256
special case ZACHARY.DEZELLAR@ORACLE.COM 300009792854772
special case ZACHARY.DEZELLAR@ORACLE.COM 150
special case ZACHARY.DEZELLAR@ORACLE.COM 11256
special case ZACHARY.DEZELLAR@ORACLE.COM 300009792852265
special case ZACHARY.DEZELLAR@ORACLE.COM 89651
special case ZACHARY.DEZELLAR@ORACLE.COM 300010006020192
special case ZACHARY.DEZELLAR@ORACLE.COM 0
special case ZACHARY.DEZELLAR@ORACLE.COM 51911
special case ZACHARY.DEZELLAR@ORACLE.COM 300010006042436
special case ZACHARY.DEZELLAR@ORACLE.COM 51911
special case ZACHARY.DEZELLAR@ORACLE.COM 300010006034544
special case ZACHARY.DEZELLAR@ORACLE.COM 387
special case ZACHARY.DEZELLAR@ORACLE.COM 237097
special case ZACHARY.DEZELLAR@ORACLE.COM 300009869837508
special case ZACHARY.DEZELLAR@ORACLE.COM 344334
special case ZACHARY.DEZELLAR@ORACLE.COM 403
special case CALEB.JOHNSON@ORACLE.COM 163102
special case CALEB.JOHNSON@ORACLE.COM 300009597026207
special case CALEB.JOHNSON@ORACLE.COM 2746891
special case CALEB.JOHNSON@ORACLE.COM 300009597097835
special case CALEB.JOHNSON@ORACLE.COM 985292
special case CALEB.JOHNSON@ORACLE.COM 242
special case CALEB.JOHNSON@ORACLE.COM 17138
special case CALEB.JOHNSON@ORACLE.COM 300009597311568
special case CALEB.JOHNSON@ORACLE.COM 13308
special case CALEB.JOHNSON@ORACLE.COM 300009597423114
special case CALEB.JOHNSON@ORACLE.COM 300009597541088
special case CALEB.JOHNSON@ORACLE.COM 302
special case CALEB.JOHNSON@ORACLE.COM 436629
special case CALEB.JOHNSON@ORACLE.COM 300009597542011
special case CALEB.JOHNSON@ORACLE.COM 488066
special case CALEB.JOHNSON@ORACLE.COM 300009597613261
special case CALEB.JOHNSON@ORACLE.COM 488066
special case CALEB.JOHNSON@ORACLE.COM 300009597617113
special case CALEB.JOHNSON@ORACLE.COM 261
special case JASON.FOSS@ORACLE.COM 165973
special case JASON.FOSS@ORACLE.COM 300009345385084
special case JASON.FOSS@ORACLE.COM 423
special case JASON.FOSS@ORACLE.COM 3807153
special case JASON.FOSS@ORACLE.COM 300009345385262
special case JASON.FOSS@ORACLE.COM 335
special case MICHAEL.TOWLE@ORACLE.COM 23410
special case MICHAEL.TOWLE@ORACLE.COM 462
special case MICHAEL.TOWLE@ORACLE.COM 23410
special case MICHAEL.TOWLE@ORACLE.COM 253
